<?xml version="1.0" encoding="UTF-8"?>
<beans xmlns="http://www.springframework.org/schema/beans"
       xmlns:xsi="http://www.w3.org/2001/XMLSchema-instance"
       xmlns:context="http://www.springframework.org/schema/context" xmlns:tx="http://www.springframework.org/schema/tx"
       xmlns:aop="http://www.springframework.org/schema/aop"
       xsi:schemaLocation="http://www.springframework.org/schema/beans
    http://www.springframework.org/schema/beans/spring-beans.xsd
    http://www.springframework.org/schema/context
    http://www.springframework.org/schema/context/spring-context.xsd http://www.springframework.org/schema/tx http://www.springframework.org/schema/tx/spring-tx.xsd http://www.springframework.org/schema/aop http://www.springframework.org/schema/aop/spring-aop.xsd">
    <!-- 配置整合mybatis过程 -->
    <!-- 1.配置数据库相关参数properties的属性：${url} -->
    <context:property-placeholder location="classpath:jdbc.properties"/>

    <!-- 2.数据库连接池 -->
    <bean id="dataSource" class="com.alibaba.druid.pool.DruidDataSource"
          init-method="init" destroy-method="close">
        <!-- 配置连接池属性 -->
        <property name="driverClassName" value="${jdbc.driver}"/>
        <property name="url" value="${jdbc.url}"/>
        <property name="username" value="${jdbc.username}"/>
        <property name="password" value="${jdbc.password}"/>

        <!-- 配置初始化大小、最小、最大 -->
        <property name="initialSize" value="1"/>
        <property name="minIdle" value="1"/>
        <property name="maxActive" value="10"/>

        <!-- 配置获取连接等待超时的时间 -->
        <property name="maxWait" value="10000"/>

        <!-- 配置间隔多久才进行一次检测，检测需要关闭的空闲连接，单位是毫秒 -->
        <property name="timeBetweenEvictionRunsMillis" value="60000"/>

        <!-- 配置一个连接在池中最小生存的时间，单位是毫秒 -->
        <property name="minEvictableIdleTimeMillis" value="300000"/>

        <property name="testWhileIdle" value="true"/>

        <!-- 这里建议配置为TRUE，防止取到的连接不可用 -->
        <property name="testOnBorrow" value="true"/>
        <property name="testOnReturn" value="false"/>

        <!-- 打开PSCache，并且指定每个连接上PSCache的大小 -->
        <property name="poolPreparedStatements" value="true"/>
        <property name="maxPoolPreparedStatementPerConnectionSize"
                  value="20"/>

        <!-- 这里配置提交方式，默认就是TRUE，可以不用配置 -->

        <property name="defaultAutoCommit" value="true"/>

        <!-- 验证连接有效与否的SQL，不同的数据配置不同 -->
        <property name="validationQuery" value="select 1 "/>
        <property name="filters" value="stat"/>
        <property name="proxyFilters">
            <list>
                <ref bean="logFilter"/>
            </list>
        </property>
    </bean>

    <!-- 3.配置SqlSessionFactory对象 -->
    <bean id="sqlSessionFactory" class="org.mybatis.spring.SqlSessionFactoryBean">
        <!-- 注入数据库连接池 -->
        <property name="dataSource" ref="dataSource"/>
        <!-- 配置MyBaties全局配置文件:mybatis-config.xml -->
        <property name="configLocation" value="classpath:mybatis-config.xml"/>
        <!-- 扫描entity包 使用别名 -->
        <property name="typeAliasesPackage" value="cn.acheng1314.domain"/>
        <!-- 扫描sql配置文件:mapper需要的xml文件 -->
        <property name="mapperLocations" value="classpath:mapper/*.xml"/>
    </bean>

    <!-- 4.配置扫描Dao接口包，动态实现Dao接口，注入到spring容器中 -->
    <bean class="org.mybatis.spring.mapper.MapperScannerConfigurer">
        <!-- 注入sqlSessionFactory -->
        <property name="sqlSessionFactoryBeanName" value="sqlSessionFactory"/>
        <!-- 给出需要扫描Dao接口包 -->
        <property name="basePackage" value="cn.acheng1314.dao"/>
    </bean>

    <bean id="logFilter" class="com.alibaba.druid.filter.logging.Slf4jLogFilter">
        <property name="statementExecutableSqlLogEnable" value="false"/>
    </bean>

    <tx:advice id="txAdvice" transaction-manager="transactionManager">
        <tx:attributes>
            <tx:method name="delete*" propagation="REQUIRED" read-only="false"
                       rollback-for="java.lang.Exception"/>
            <tx:method name="insert*" propagation="REQUIRED" read-only="false"
                       rollback-for="java.lang.Exception"/>
            <tx:method name="update*" propagation="REQUIRED" read-only="false"
                       rollback-for="java.lang.Exception"/>
            <tx:method name="save*" propagation="REQUIRED" read-only="false"
                       rollback-for="java.lang.Exception"/>
        </tx:attributes>
    </tx:advice>

    <aop:aspectj-autoproxy proxy-target-class="true"/>

    <!-- 事物处理 -->
    <aop:config>
        <aop:pointcut id="pc" expression="execution(* cn.acheng1314.service..*(..))"/>
        <aop:advisor pointcut-ref="pc" advice-ref="txAdvice"/>
    </aop:config>

</beans>