<?xml version="1.0" encoding="UTF-8" ?>
<!DOCTYPE mapper PUBLIC "-//mybatis.org//DTD Mapper 3.0//EN"
        "http://mybatis.org/dtd/mybatis-3-mapper.dtd">
<mapper namespace="cn.acheng1314.dao.PostDao">
    <delete id="del"></delete>
    <insert id="add"></insert>
    <select id="findAllPublish" resultType="cn.acheng1314.domain.PostBean">
        SELECT
          `ID`,`post_title`,`post_date`,`post_content`
        FROM
          `wp_posts`
        WHERE
        `post_type`='post'
        AND
        `post_status`='publish'
        ORDER BY
        `ID`
        DESC
        LIMIT #{offset}, #{limit}
    </select>

    <select id="findAllNew" resultType="cn.acheng1314.domain.PostBean">
        SELECT
          `ID`,`post_title`
        FROM
          `wp_posts`
        WHERE
        `post_type`='post'
        AND
        `post_status`='publish'
        ORDER BY
        `ID`
        DESC
        LIMIT 1, 10
    </select>

    <select id="getAllCount" resultType="int">
        SELECT
        COUNT(*)
        FROM
        `wp_posts`;
    </select>

    <select id="getAllPostDateCount" resultType="cn.acheng1314.domain.PostBean">
    SELECT `post_date`,`ID` FROM `wp_posts`
    WHERE
      `post_type`='post'
      AND
      `post_status`='publish'
    ORDER BY `post_date` DESC
    </select>
    <select id="findOneById" resultType="cn.acheng1314.domain.PostBean">
        SELECT
          `ID`,`post_title`,`post_date`,`post_content`
        FROM
          `wp_posts`
        WHERE
        `ID`=#{postId}
        AND
        `post_status`='publish'

    </select>
    <select id="findAll" resultType="cn.acheng1314.domain.PostBean"></select>
    <update id="update"></update>
</mapper>