<?xml version="1.0" encoding="UTF-8"?>
<configuration>
    <appender name="STDOUT" class="ch.qos.logback.core.ConsoleAppender">
        <encoder class="ch.qos.logback.classic.encoder.PatternLayoutEncoder">
            <Pattern>%d{HH:mm:ss.SSS} %-5level %logger{80} - %msg%n</Pattern>
        </encoder>
    </appender>
    <appender name="FILE"
              class="ch.qos.logback.core.rolling.RollingFileAppender">
        <rollingPolicy class="ch.qos.logback.core.rolling.TimeBasedRollingPolicy">
            <FileNamePattern>D:/logs/debug.%d{yyyy-MM-dd}.log</FileNamePattern>
            <MaxHistory>30</MaxHistory>
        </rollingPolicy>
        <encoder>
            <pattern>%date [%thread] %-5level %logger{80} - %msg%n</pattern>
        </encoder>
    </appender>
    <root>
        <level value="INFO" />
        <appender-ref ref="FILE" />
    </root>
</configuration>
